[
    {
        "address": "124 tenison road",
        "area": "east",
        "internet": "yes",
        "parking": "no",
        "id": "0",
        "location": [
            52.1963733,
            0.1987426
        ],
        "name": "Гостевой дом Кутузов",
        "phone": "01223315702",
        "postcode": "Боровское шоссе",
        "price": {
            "double": "70",
            "family": "90",
            "single": "50"
        },
        "pricerange": "moderate",
        "stars": "4",
        "takesbookings": "yes",
        "type": "guesthouse"
    },
    {
        "address": "154 chesterton road",
        "area": "north",
        "internet": "yes",
        "parking": "yes",
        "id": "1",
        "location": [
            52.2157138888889,
            0.133519444444444
        ],
        "name": "Гостевой дом Величъ",
        "phone": "01223353888",
        "postcode": "Багратионовская",
        "price": {
            "double": "75",
            "family": "105",
            "single": "50"
        },
        "pricerange": "moderate",
        "stars": "4",
        "takesbookings": "yes",
        "type": "guesthouse"
    },
    {
        "address": "56 Мемориальный музей космонавтики road",
        "area": "centre",
        "internet": "yes",
        "parking": "yes",
        "id": "2",
        "location": [
            52.1986444444444,
            0.138133333333333
        ],
        "name": "Хостел Форма",
        "phone": "01223525725",
        "postcode": "Беговая",
        "price": {
            "double": "50",
            "single": "40"
        },
        "pricerange": "cheap",
        "stars": "4",
        "takesbookings": "yes",
        "type": "guesthouse"
    },
    {
        "address": "517a coldham lane",
        "area": "east",
        "internet": "yes",
        "parking": "yes",
        "id": "3",
        "location": [
            52.1963733,
            0.1987426
        ],
        "name": "Michelada",
        "phone": "01223210353",
        "postcode": "Алтуфьево",
        "price": {
            "double": "60",
            "family": "90",
            "single": "35"
        },
        "pricerange": "cheap",
        "stars": "4",
        "n": "yes",
        "type": "guesthouse"
    },
    {
        "address": "63 Парк Сокольники road",
        "area": "north",
        "internet": "no",
        "parking": "no",
        "id": "4",
        "location": [
            52.2173388888889,
            0.127638888888889
        ],
        "name": "Гостевой дом Полянка",
        "phone": "01223311625",
        "postcode": "Алексеевская",
        "price": {
            "double": "80",
            "single": "45"
        },
        "pricerange": "moderate",
        "stars": "3",
        "takesbookings": "yes",
        "type": "guesthouse"
    },
    {
        "address": "82 arbury road",
        "area": "north",
        "internet": "yes",
        "parking": "yes",
        "id": "5",
        "location": [
            52.2309912,
            0.1295545
        ],
        "name": "Винтерфелл на Курской",
        "phone": "01223364319",
        "postcode": "Аннино",
        "price": {
            "double": "75",
            "family": "100",
            "single": "50"
        },
        "pricerange": "moderate",
        "stars": "4",
        "takesbookings": "yes",
        "type": "guesthouse"
    },
    {
        "address": "52 gilbert road",
        "area": "north",
        "internet": "yes",
        "parking": "yes",
        "id": "6",
        "location": [
            52.2309912,
            0.1295545
        ],
        "name": "Гостевой дом на Мещанке",
        "phone": "01223575314",
        "postcode": "Братиславская",
        "price": {
            "double": "70",
            "single": "40"
        },
        "pricerange": "moderate",
        "stars": "4",
        "takesbookings": "yes",
        "type": "guesthouse"
    },
    {
        "address": "74 chesterton road",
        "area": "north",
        "internet": "yes",
        "parking": "yes",
        "id": "7",
        "location": [
            52.2309912,
            0.1295545
        ],
        "name": "Отель Аэростар",
        "phone": "01223350059",
        "postcode": "Битцевский парк",
        "price": {
            "double": "75",
            "family": "85"
        },
        "pricerange": "moderate",
        "stars": "2",
        "takesbookings": "yes",
        "type": "hotel"
    },
    {
        "address": "710 newmarket road",
        "area": "east",
        "internet": "yes",
        "parking": "yes",
        "id": "8",
        "location": [
            52.2176534,
            0.1747439
        ],
        "name": "Покровский Дом",
        "phone": "01223575122",
        "postcode": "Алма-Атинская",
        "price": {
            "double": "60",
            "family": "90",
            "single": "40"
        },
        "pricerange": "cheap",
        "stars": "4",
        "takesbookings": "yes",
        "type": "guesthouse"
    },
    {
        "address": "62 gilbert road",
        "area": "north",
        "internet": "yes",
        "parking": "no",
        "id": "9",
        "location": [
            52.2309912,
            0.1295545
        ],
        "name": "Сокол",
        "phone": "01223353071",
        "postcode": "Бульвар Адмирала Ушакова",
        "price": {
            "double": "65",
            "single": "45"
        },
        "pricerange": "moderate",
        "stars": "4",
        "takesbookings": "yes",
        "type": "guesthouse"
    },
    {
        "address": "5 mowbray road",
        "area": "south",
        "internet": "yes",
        "parking": "yes",
        "id": "10",
        "location": [
            52.1815361111111,
            0.150375
        ],
        "name": "Гостевой дом Атмосфера",
        "phone": "01223240089",
        "postcode": "Аэропорт",
        "price": {
            "double": "75",
            "family": "95",
            "single": "65"
        },
        "pricerange": "moderate",
        "stars": "4",
        "takesbookings": "yes",
        "type": "guesthouse"
    },
    {
        "address": "151 hills road",
        "area": "south",
        "internet": "yes",
        "parking": "yes",
        "id": "11",
        "location": [
            52.1725982,
            0.1112224
        ],
        "name": "Гостевой дом Салют",
        "phone": "01223247942",
        "postcode": "Автозаводская",
        "price": {
            "double": "75",
            "family": "90",
            "single": "50"
        },
        "pricerange": "moderate",
        "stars": "3",
        "takesbookings": "yes",
        "type": "guesthouse"
    },
    {
        "address": "138 perne road",
        "area": "east",
        "internet": "yes",
        "parking": "yes",
        "id": "12",
        "location": [
            52.1935027777778,
            0.155355555555556
        ],
        "name": "Хостел Макаров",
        "phone": "01223247015",
        "postcode": "Боровицкая",
        "price": {
            "double": "75",
            "family": "100",
            "single": "45"
        },
        "pricerange": "moderate",
        "stars": "4",
        "takesbookings": "yes",
        "type": "guesthouse"
    },
    {
        "address": "328a histon road",
        "area": "north",
        "internet": "yes",
        "parking": "yes",
        "id": "13",
        "location": [
            52.227589,
            0.112288
        ],
        "name": "Отель Стромынка",
        "phone": "01223312843",
        "postcode": "Бабушкинская",
        "price": {
            "single": "40"
        },
        "pricerange": "cheap",
        "stars": "0",
        "takesbookings": "yes",
        "type": "guesthouse"
    },
    {
        "address": "Гостиница Фрателли, station road",
        "area": "centre",
        "internet": "yes",
        "parking": "no",
        "id": "14",
        "location": [
            52.194866,
            0.134223
        ],
        "name": "Аквариум",
        "phone": "01223304050",
        "postcode": "Белорусская",
        "price": {
            "double": "67",
            "family": "77",
            "single": "47"
        },
        "pricerange": "moderate",
        "stars": "0",
        "takesbookings": "yes",
        "type": "hotel"
    },
    {
        "address": "41 Дом Рахманова street",
        "area": "centre",
        "internet": "yes",
        "parking": "yes",
        "id": "15",
        "location": [
            52.20439812598512,
            0.13059139251708984
        ],
        "name": "Времена Года",
        "phone": "01223327978",
        "postcode": "Ботанический сад",
        "price": {
            "double": "60",
            "family": "62",
            "single": "40"
        },
        "pricerange": "cheap",
        "stars": "0",
        "takesbookings": "yes",
        "type": "guesthouse"
    },
    {
        "address": "15-17 norman way, coldhams business park",
        "area": "east",
        "internet": "yes",
        "parking": "yes",
        "id": "16",
        "location": [
            52.1956472222222,
            0.167444444444444
        ],
        "name": "Holiday Inn Express Москвы Павелецкой",
        "phone": "01223866800",
        "postcode": "Бауманская",
        "price": {
            "double": "90",
            "family": "90",
            "single": "90"
        },
        "pricerange": "expensive",
        "stars": "2",
        "takesbookings": "yes",
        "type": "hotel"
    },
    {
        "address": "144 thornton road",
        "area": "west",
        "internet": "yes",
        "parking": "yes",
        "id": "17",
        "location": [
            52.226235,
            0.091796
        ],
        "name": "Хостел Гнездо Сокол",
        "phone": "01223276653",
        "postcode": "Беломорская",
        "price": {
            "double": "50",
            "single": "50"
        },
        "pricerange": "cheap",
        "stars": "4",
        "takesbookings": "yes",
        "type": "guesthouse"
    },
    {
        "address": "Трёхпрудный переулок, дом 11/13, строение 1",
        "area": "centre",
        "internet": "yes",
        "parking": "yes",
        "id": "18",
        "location": [
            52.201275,
            0.129935
        ],
        "name": "Отель Лермонтов",
        "phone": "01223366611",
        "postcode": "Аминьевская",
        "price": {
            "double": "95",
            "family": "119",
            "single": "79"
        },
        "pricerange": "expensive",
        "stars": "3",
        "takesbookings": "yes",
        "type": "hotel"
    },
    {
        "address": "156 chesterton road",
        "area": "north",
        "internet": "yes",
        "parking": "yes",
        "id": "19",
        "location": [
            52.2309912,
            0.1295545
        ],
        "name": "Гостиница Солнечный",
        "phone": "01223365664",
        "postcode": "Багратионовская",
        "price": {
            "double": "73",
            "family": "85",
            "single": "50"
        },
        "pricerange": "moderate",
        "stars": "3",
        "takesbookings": "yes",
        "type": "guesthouse"
    },
    {
        "address": "96 barton road",
        "area": "west",
        "internet": "yes",
        "parking": "yes",
        "id": "20",
        "location": [
            52.2283801,
            0.0782873
        ],
        "name": "The7Hostels",
        "phone": "01223304906",
        "postcode": "Авиамоторная",
        "price": {
            "double": "75",
            "family": "110",
            "single": "59"
        },
        "pricerange": "moderate",
        "stars": "3",
        "takesbookings": "yes",
        "type": "guesthouse"
    },
    {
        "address": "78-80 Парк Сокольники road",
        "area": "north",
        "internet": "yes",
        "parking": "yes",
        "id": "21",
        "location": [
            52.2309912,
            0.1295545
        ],
        "name": "Птичка",
        "phone": "01223323555",
        "postcode": "Баррикадная",
        "price": {
            "double": "75",
            "family": "105",
            "single": "50"
        },
        "pricerange": "moderate",
        "stars": "4",
        "takesbookings": "yes",
        "type": "guesthouse"
    },
    {
        "address": "kingfisher way, hinchinbrook business park, huntingdon",
        "area": "west",
        "internet": "yes",
        "parking": "yes",
        "id": "22",
        "location": [
            52.3386166666667,
            -0.210897222222222
        ],
        "name": "Отель Марриотт Новый Арбат",
        "phone": "01480446000",
        "postcode": "Борисово",
        "price": {
            "double": "145",
            "family": "145",
            "single": "125"
        },
        "pricerange": "expensive",
        "stars": "4",
        "takesbookings": "yes",
        "type": "hotel"
    },
    {
        "address": "172 chesterton road",
        "area": "north",
        "internet": "yes",
        "parking": "yes",
        "id": "23",
        "location": [
            52.2157138888889,
            0.133519444444444
        ],
        "name": "ShelterS Тульская",
        "phone": "01223306283",
        "postcode": "Багратионовская",
        "price": {
            "double": "75",
            "family": "130",
            "single": "50"
        },
        "pricerange": "moderate",
        "stars": "4",
        "takesbookings": "yes",
        "type": "guesthouse"
    },
    {
        "address": "732-734 newmarket road",
        "area": "east",
        "internet": "yes",
        "parking": "yes",
        "id": "24",
        "location": [
            52.2176534,
            0.1747439
        ],
        "name": "Гостиница Ордынка",
        "phone": "01223292094",
        "postcode": "Алма-Атинская",
        "price": {
            "double": "60",
            "family": "90",
            "single": "40"
        },
        "pricerange": "cheap",
        "stars": "4",
        "takesbookings": "yes",
        "type": "guesthouse"
    },
    {
        "address": "78-80 Парк Сокольники road",
        "area": "north",
        "internet": "yes",
        "parking": "yes",
        "id": "25",
        "location": [
            52.2309912,
            0.1295545
        ],
        "name": "Амбассадори",
        "phone": "01223300552",
        "postcode": "Аннино",
        "price": {
            "double": "75",
            "single": "40"
        },
        "pricerange": "moderate",
        "stars": "4",
        "takesbookings": "yes",
        "type": "guesthouse"
    },
    {
        "address": "365 Парк Сокольники road",
        "area": "north",
        "internet": "yes",
        "parking": "yes",
        "id": "26",
        "location": [
            52.2309912,
            0.1295545
        ],
        "name": "Гостиница Годжи",
        "phone": "01223425478",
        "postcode": "Беляево",
        "price": {
            "double": "65",
            "family": "70",
            "single": "50"
        },
        "pricerange": "moderate",
        "stars": "2",
        "takesbookings": "yes",
        "type": "hotel"
    },
    {
        "address": "53 roseford road",
        "area": "south",
        "internet": "yes",
        "parking": "yes",
        "id": "27",
        "location": [
            52.1725982,
            0.1112224
        ],
        "name": "rosa's bed and breakfast",
        "phone": "01223512596",
        "postcode": "Арбатская",
        "price": {
            "single": "25"
        },
        "pricerange": "cheap",
        "stars": "4",
        "takesbookings": "yes",
        "type": "guesthouse"
    },
    {
        "address": "back lane, cambourne",
        "area": "west",
        "internet": "yes",
        "parking": "yes",
        "id": "28",
        "location": [
            52.2213805555556,
            -0.0680333333333333
        ],
        "name": "Колокольня Ивана Великого",
        "phone": "01954714600",
        "postcode": "Бибирево",
        "price": {
            "double": "60",
            "single": "60"
        },
        "pricerange": "cheap",
        "stars": "4",
        "takesbookings": "yes",
        "type": "hotel"
    },
    {
        "address": "53-57 Наставнический переулок, дом 18/11, строение 4",
        "area": "south",
        "internet": "yes",
        "parking": "yes",
        "id": "29",
        "location": [
            52.1725982,
            0.1112224
        ],
        "name": "Отель Малинки",
        "phone": "01223355017",
        "postcode": "Академическая",
        "price": {
            "double": "90",
            "family": "125",
            "single": "65"
        },
        "pricerange": "expensive",
        "stars": "3",
        "takesbookings": "yes",
        "type": "hotel"
    },
    {
        "address": "Сеченовский переулок, дом 7А",
        "area": "centre",
        "internet": "yes",
        "parking": "yes",
        "id": "30",
        "location": [
            52.19942,
            0.12722
        ],
        "name": "Гостиница Университетская",
        "phone": "01223351241",
        "postcode": "Библиотека имени Ленина",
        "price": {
            "double": "124",
            "family": "144",
            "single": "104"
        },
        "pricerange": "expensive",
        "stars": "4",
        "takesbookings": "yes",
        "type": "hotel"
    },
    {
        "address": "Дом Рахманова terrace",
        "area": "east",
        "internet": "yes",
        "parking": "yes",
        "id": "31",
        "location": [
            52.1963733,
            0.1987426
        ],
        "name": "Дом Рахманова",
        "phone": "01223363682",
        "postcode": "Александровский сад",
        "price": {
            "double": "75",
            "family": "95",
            "single": "55"
        },
        "pricerange": "moderate",
        "stars": "4",
        "takesbookings": "yes",
        "type": "guesthouse"
    },
    {
        "address": "152 chesterton road",
        "area": "north",
        "internet": "yes",
        "parking": "yes",
        "id": "32",
        "location": [
            52.2309912,
            0.1295545
        ],
        "name": "Мак Хостел на Садовой-Кудринской",
        "phone": "01223316074",
        "postcode": "Багратионовская",
        "price": {
            "double": "60",
            "family": "85",
            "single": "49"
        },
        "pricerange": "cheap",
        "stars": "4",
        "takesbookings": "yes",
        "type": "guesthouse"
    }
]
